,keep,duplicate
0,./gutenberg/pg4200.txt,./gutenberg/pg4120.txt
1,./gutenberg/pg4200.txt,./gutenberg/pg4122.txt
2,./gutenberg/pg4200.txt,./gutenberg/pg4126.txt
3,./gutenberg/pg4200.txt,./gutenberg/pg4127.txt
4,./gutenberg/pg4200.txt,./gutenberg/pg4129.txt
5,./gutenberg/pg4200.txt,./gutenberg/pg4130.txt
6,./gutenberg/pg4200.txt,./gutenberg/pg4131.txt
7,./gutenberg/pg4200.txt,./gutenberg/pg4132.txt
8,./gutenberg/pg4200.txt,./gutenberg/pg4133.txt
9,./gutenberg/pg4200.txt,./gutenberg/pg4134.txt
10,./gutenberg/pg4200.txt,./gutenberg/pg4135.txt
11,./gutenberg/pg4200.txt,./gutenberg/pg4136.txt
12,./gutenberg/pg4200.txt,./gutenberg/pg4137.txt
13,./gutenberg/pg4200.txt,./gutenberg/pg4138.txt
14,./gutenberg/pg4200.txt,./gutenberg/pg4139.txt
15,./gutenberg/pg4200.txt,./gutenberg/pg4140.txt
16,./gutenberg/pg4200.txt,./gutenberg/pg4141.txt
17,./gutenberg/pg4200.txt,./gutenberg/pg4142.txt
18,./gutenberg/pg4200.txt,./gutenberg/pg4143.txt
19,./gutenberg/pg4200.txt,./gutenberg/pg4144.txt
20,./gutenberg/pg4200.txt,./gutenberg/pg4145.txt
21,./gutenberg/pg4200.txt,./gutenberg/pg4146.txt
22,./gutenberg/pg4200.txt,./gutenberg/pg4148.txt
23,./gutenberg/pg4200.txt,./gutenberg/pg4149.txt
24,./gutenberg/pg4200.txt,./gutenberg/pg4150.txt
25,./gutenberg/pg4200.txt,./gutenberg/pg4151.txt
26,./gutenberg/pg4200.txt,./gutenberg/pg4153.txt
27,./gutenberg/pg4200.txt,./gutenberg/pg4154.txt
28,./gutenberg/pg4200.txt,./gutenberg/pg4155.txt
29,./gutenberg/pg4200.txt,./gutenberg/pg4156.txt
30,./gutenberg/pg4200.txt,./gutenberg/pg4161.txt
31,./gutenberg/pg4200.txt,./gutenberg/pg4162.txt
32,./gutenberg/pg4200.txt,./gutenberg/pg4163.txt
33,./gutenberg/pg4200.txt,./gutenberg/pg4164.txt
34,./gutenberg/pg4200.txt,./gutenberg/pg4165.txt
35,./gutenberg/pg4200.txt,./gutenberg/pg4171.txt
36,./gutenberg/pg4200.txt,./gutenberg/pg4184.txt
37,./gutenberg/pg4200.txt,./gutenberg/pg4125.txt
38,./gutenberg/pg3200.txt,./gutenberg/pg142.txt
39,./gutenberg/pg3200.txt,./gutenberg/pg2895.txt
40,./gutenberg/pg3200.txt,./gutenberg/pg3177.txt
41,./gutenberg/pg3200.txt,./gutenberg/pg3196.txt
42,./gutenberg/pg3200.txt,./gutenberg/pg3199.txt
43,./gutenberg/pg3200.txt,./gutenberg/pg5786.txt
44,./gutenberg/pg3200.txt,./gutenberg/pg5808.txt
45,./gutenberg/pg3200.txt,./gutenberg/pg8584.txt
46,./gutenberg/pg3200.txt,./gutenberg/pg119.txt
47,./gutenberg/pg57383.txt,./gutenberg/pg2616.txt
48,./gutenberg/pg57383.txt,./gutenberg/pg2651.txt
49,./gutenberg/pg57383.txt,./gutenberg/pg2652.txt
50,./gutenberg/pg57383.txt,./gutenberg/pg4361.txt
51,./gutenberg/pg57383.txt,./gutenberg/pg4362.txt
52,./gutenberg/pg57383.txt,./gutenberg/pg4546.txt
53,./gutenberg/pg57383.txt,./gutenberg/pg5851.txt
54,./gutenberg/pg57383.txt,./gutenberg/pg5857.txt
55,./gutenberg/pg57383.txt,./gutenberg/pg5865.txt
56,./gutenberg/pg9170.txt,./gutenberg/pg8721.txt
57,./gutenberg/pg9170.txt,./gutenberg/pg8723.txt
58,./gutenberg/pg9170.txt,./gutenberg/pg8725.txt
59,./gutenberg/pg9170.txt,./gutenberg/pg8726.txt
60,./gutenberg/pg9170.txt,./gutenberg/pg9164.txt
61,./gutenberg/pg9170.txt,./gutenberg/pg9165.txt
62,./gutenberg/pg9170.txt,./gutenberg/pg9168.txt
63,./gutenberg/pg9170.txt,./gutenberg/pg9169.txt
64,./gutenberg/pg4900.txt,./gutenberg/pg4842.txt
65,./gutenberg/pg4900.txt,./gutenberg/pg4847.txt
66,./gutenberg/pg4900.txt,./gutenberg/pg4856.txt
67,./gutenberg/pg4900.txt,./gutenberg/pg4860.txt
68,./gutenberg/pg4900.txt,./gutenberg/pg4876.txt
69,./gutenberg/pg4900.txt,./gutenberg/pg4884.txt
70,./gutenberg/pg4900.txt,./gutenberg/pg4885.txt
71,./gutenberg/pg10706.txt,./gutenberg/pg10701.txt
72,./gutenberg/pg10706.txt,./gutenberg/pg10702.txt
73,./gutenberg/pg10706.txt,./gutenberg/pg10703.txt
74,./gutenberg/pg10706.txt,./gutenberg/pg10704.txt
75,./gutenberg/pg10706.txt,./gutenberg/pg10705.txt
76,./gutenberg/pg3875.txt,./gutenberg/pg3861.txt
77,./gutenberg/pg3875.txt,./gutenberg/pg3862.txt
78,./gutenberg/pg3875.txt,./gutenberg/pg3864.txt
79,./gutenberg/pg3875.txt,./gutenberg/pg3868.txt
80,./gutenberg/pg3875.txt,./gutenberg/pg3869.txt
81,./gutenberg/pg3913.txt,./gutenberg/pg3905.txt
82,./gutenberg/pg3913.txt,./gutenberg/pg3907.txt
83,./gutenberg/pg3913.txt,./gutenberg/pg3909.txt
84,./gutenberg/pg3913.txt,./gutenberg/pg3910.txt
85,./gutenberg/pg3913.txt,./gutenberg/pg3911.txt
86,./gutenberg/pg4367.txt,./gutenberg/pg1067.txt
87,./gutenberg/pg4367.txt,./gutenberg/pg1068.txt
88,./gutenberg/pg4367.txt,./gutenberg/pg5861.txt
89,./gutenberg/pg4367.txt,./gutenberg/pg5863.txt
90,./gutenberg/pg4367.txt,./gutenberg/pg5864.txt
91,./gutenberg/pg1005.txt,./gutenberg/pg8784.txt
92,./gutenberg/pg1005.txt,./gutenberg/pg8785.txt
93,./gutenberg/pg1005.txt,./gutenberg/pg8786.txt
94,./gutenberg/pg1005.txt,./gutenberg/pg8789.txt
95,./gutenberg/pg1008.txt,./gutenberg/pg1007.txt
96,./gutenberg/pg1008.txt,./gutenberg/pg8796.txt
97,./gutenberg/pg1008.txt,./gutenberg/pg8799.txt
98,./gutenberg/pg1008.txt,./gutenberg/pg8800.txt
99,./gutenberg/pg16206.txt,./gutenberg/pg16205.txt
100,./gutenberg/pg16206.txt,./gutenberg/pg5704.txt
101,./gutenberg/pg16206.txt,./gutenberg/pg5899.txt
102,./gutenberg/pg16206.txt,./gutenberg/pg5958.txt
103,./gutenberg/pg25717.txt,./gutenberg/pg732.txt
104,./gutenberg/pg25717.txt,./gutenberg/pg733.txt
105,./gutenberg/pg25717.txt,./gutenberg/pg734.txt
106,./gutenberg/pg25717.txt,./gutenberg/pg735.txt
107,./gutenberg/pg2981.txt,./gutenberg/pg2957.txt
108,./gutenberg/pg2981.txt,./gutenberg/pg2975.txt
109,./gutenberg/pg2981.txt,./gutenberg/pg39302.txt
110,./gutenberg/pg2981.txt,./gutenberg/pg39305.txt
111,./gutenberg/pg2988.txt,./gutenberg/pg2983.txt
112,./gutenberg/pg2988.txt,./gutenberg/pg2984.txt
113,./gutenberg/pg2988.txt,./gutenberg/pg2986.txt
114,./gutenberg/pg2988.txt,./gutenberg/pg2987.txt
115,./gutenberg/pg3374.txt,./gutenberg/pg3371.txt
116,./gutenberg/pg3374.txt,./gutenberg/pg3372.txt
117,./gutenberg/pg3374.txt,./gutenberg/pg3373.txt
118,./gutenberg/pg3374.txt,./gutenberg/pg4646.txt
119,./gutenberg/pg5600.txt,./gutenberg/pg5480.txt
120,./gutenberg/pg5600.txt,./gutenberg/pg5482.txt
121,./gutenberg/pg5600.txt,./gutenberg/pg5561.txt
122,./gutenberg/pg5600.txt,./gutenberg/pg5476.txt
123,./gutenberg/pg57333.txt,./gutenberg/pg13412.txt
124,./gutenberg/pg57333.txt,./gutenberg/pg13417.txt
125,./gutenberg/pg57333.txt,./gutenberg/pg13418.txt
126,./gutenberg/pg57333.txt,./gutenberg/pg27411.txt
127,./gutenberg/pg57334.txt,./gutenberg/pg31773.txt
128,./gutenberg/pg57334.txt,./gutenberg/pg31774.txt
129,./gutenberg/pg57334.txt,./gutenberg/pg31775.txt
130,./gutenberg/pg57334.txt,./gutenberg/pg31776.txt
131,./gutenberg/pg7735.txt,./gutenberg/pg7729.txt
132,./gutenberg/pg7735.txt,./gutenberg/pg7731.txt
133,./gutenberg/pg7735.txt,./gutenberg/pg7733.txt
134,./gutenberg/pg7735.txt,./gutenberg/pg7734.txt
135,./gutenberg/pg996.txt,./gutenberg/pg5922.txt
136,./gutenberg/pg996.txt,./gutenberg/pg5923.txt
137,./gutenberg/pg996.txt,./gutenberg/pg5924.txt
138,./gutenberg/pg996.txt,./gutenberg/pg5946.txt
139,./blbooks/1889_003206679.txt,./blbooks/1888_003206678.txt
140,./blbooks/1889_003206679.txt,./blbooks/1892_003206680.txt
141,./blbooks/1889_003206679.txt,./blbooks/1892_003206690.txt
142,./blbooks/1889_003206679.txt,./gutenberg/pg5338.txt
143,./blbooks/1878_000456592.txt,./blbooks/1878_000456589.txt
144,./blbooks/1878_000456592.txt,./blbooks/1878_000456590.txt
145,./blbooks/1878_000456592.txt,./blbooks/1878_000456591.txt
146,./blbooks/1894_002706361.txt,./blbooks/1871_002706358.txt
147,./blbooks/1894_002706361.txt,./blbooks/1873_002706359.txt
148,./blbooks/1894_002706361.txt,./blbooks/1887_002706360.txt
149,./gutenberg/pg20198.txt,./gutenberg/pg22878.txt
150,./gutenberg/pg20198.txt,./gutenberg/pg30792.txt
151,./gutenberg/pg20198.txt,./gutenberg/pg452.txt
152,./gutenberg/pg25609.txt,./gutenberg/pg25610.txt
153,./gutenberg/pg25609.txt,./gutenberg/pg25611.txt
154,./gutenberg/pg25609.txt,./gutenberg/pg28722.txt
155,./gutenberg/pg3072.txt,./gutenberg/pg4257.txt
156,./gutenberg/pg3072.txt,./gutenberg/pg4258.txt
157,./gutenberg/pg3072.txt,./gutenberg/pg4260.txt
158,./gutenberg/pg3090.txt,./gutenberg/pg3084.txt
159,./gutenberg/pg3090.txt,./gutenberg/pg3086.txt
160,./gutenberg/pg3090.txt,./gutenberg/pg3088.txt
161,./gutenberg/pg3252.txt,./gutenberg/pg2689.txt
162,./gutenberg/pg3252.txt,./gutenberg/pg2698.txt
163,./gutenberg/pg3252.txt,./gutenberg/pg2699.txt
164,./gutenberg/pg3649.txt,./gutenberg/pg3646.txt
165,./gutenberg/pg3649.txt,./gutenberg/pg3647.txt
166,./gutenberg/pg3649.txt,./gutenberg/pg3648.txt
167,./gutenberg/pg3684.txt,./gutenberg/pg3681.txt
168,./gutenberg/pg3684.txt,./gutenberg/pg3682.txt
169,./gutenberg/pg3684.txt,./gutenberg/pg3683.txt
170,./gutenberg/pg3995.txt,./gutenberg/pg3991.txt
171,./gutenberg/pg3995.txt,./gutenberg/pg3992.txt
172,./gutenberg/pg3995.txt,./gutenberg/pg3994.txt
173,./gutenberg/pg4201.txt,./gutenberg/pg3392.txt
174,./gutenberg/pg4201.txt,./gutenberg/pg3398.txt
175,./gutenberg/pg4201.txt,./gutenberg/pg3399.txt
176,./gutenberg/pg4836.txt,./gutenberg/pg4824.txt
177,./gutenberg/pg4836.txt,./gutenberg/pg4834.txt
178,./gutenberg/pg4836.txt,./gutenberg/pg4835.txt
179,./gutenberg/pg4966.txt,./gutenberg/pg4964.txt
180,./gutenberg/pg4966.txt,./gutenberg/pg4965.txt
181,./gutenberg/pg4966.txt,./gutenberg/pg5998.txt
182,./gutenberg/pg51491.txt,./gutenberg/pg37404.txt
183,./gutenberg/pg51491.txt,./gutenberg/pg51489.txt
184,./gutenberg/pg51491.txt,./gutenberg/pg51490.txt
185,./gutenberg/pg52060.txt,./gutenberg/pg51617.txt
186,./gutenberg/pg52060.txt,./gutenberg/pg51816.txt
187,./gutenberg/pg52060.txt,./gutenberg/pg53182.txt
188,./gutenberg/pg5416.txt,./gutenberg/pg5412.txt
189,./gutenberg/pg5416.txt,./gutenberg/pg5413.txt
190,./gutenberg/pg5416.txt,./gutenberg/pg5414.txt
191,./gutenberg/pg5460.txt,./gutenberg/pg5455.txt
192,./gutenberg/pg5460.txt,./gutenberg/pg5456.txt
193,./gutenberg/pg5460.txt,./gutenberg/pg5459.txt
194,./gutenberg/pg58323.txt,./gutenberg/pg58320.txt
195,./gutenberg/pg58323.txt,./gutenberg/pg58321.txt
196,./gutenberg/pg58323.txt,./gutenberg/pg58322.txt
197,./gutenberg/pg5969.txt,./gutenberg/pg5966.txt
198,./gutenberg/pg5969.txt,./gutenberg/pg5967.txt
199,./gutenberg/pg5969.txt,./gutenberg/pg5968.txt
200,./gutenberg/pg7658.txt,./gutenberg/pg7652.txt
201,./gutenberg/pg7658.txt,./gutenberg/pg7655.txt
202,./gutenberg/pg7658.txt,./gutenberg/pg7657.txt
203,./gutenberg/pg7795.txt,./gutenberg/pg7792.txt
204,./gutenberg/pg7795.txt,./gutenberg/pg7793.txt
205,./gutenberg/pg7795.txt,./gutenberg/pg7794.txt
206,./blbooks/1814_001175235.txt,./blbooks/1814_001175234.txt
207,./blbooks/1814_001175235.txt,./blbooks/1814_001175237.txt
208,./blbooks/1823_002303118.txt,./blbooks/1823_002303119.txt
209,./blbooks/1823_002303118.txt,./blbooks/1823_002303120.txt
210,./blbooks/1846_003886478.txt,./blbooks/1846_003886476.txt
211,./blbooks/1846_003886478.txt,./blbooks/1846_003886477.txt
212,./blbooks/1852_001323177.txt,./blbooks/1852_001323176.txt
213,./blbooks/1852_001323177.txt,./blbooks/1855_001629067.txt
214,./blbooks/1875_001629479.txt,./blbooks/1851_001629476.txt
215,./blbooks/1875_001629479.txt,./blbooks/1864_001629478.txt
216,./blbooks/1877_001397885.txt,./blbooks/1876_001397883.txt
217,./blbooks/1877_001397885.txt,./blbooks/1876_001397884.txt
218,./blbooks/1878_000070845.txt,./blbooks/1886_000070846.txt
219,./blbooks/1878_000070845.txt,./blbooks/1898_000070847.txt
220,./blbooks/1884_002420391.txt,./blbooks/1878_000678425.txt
221,./blbooks/1884_002420391.txt,./blbooks/1894_002420392.txt
222,./blbooks/1890_002703933.txt,./blbooks/1891_002703934.txt
223,./blbooks/1890_002703933.txt,./gutenberg/pg25701.txt
224,./blbooks/1892_002113169.txt,./blbooks/1888_002113167.txt
225,./blbooks/1892_002113169.txt,./blbooks/1889_002113168.txt
226,./blbooks/1893_001938260.txt,./blbooks/1880_001938254.txt
227,./blbooks/1893_001938260.txt,./blbooks/1894_001938261.txt
228,./blbooks/1893_003648018.txt,./blbooks/1887_003648016.txt
229,./blbooks/1893_003648018.txt,./blbooks/1891_003648017.txt
230,./blbooks/1895_002326031.txt,./blbooks/1894_002326030.txt
231,./blbooks/1895_002326031.txt,./blbooks/1898_002326034.txt
232,./blbooks/1897_000567567.txt,./blbooks/1897_000567568.txt
233,./blbooks/1897_000567567.txt,./blbooks/1897_000567569.txt
234,./blbooks/1897_003376619.txt,./blbooks/1874_003376617.txt
235,./blbooks/1897_003376619.txt,./blbooks/1885_003376618.txt
236,./gutenberg/pg1004.txt,./gutenberg/pg1002.txt
237,./gutenberg/pg1004.txt,./gutenberg/pg1003.txt
238,./gutenberg/pg1018.txt,./gutenberg/pg25564.txt
239,./gutenberg/pg1018.txt,./gutenberg/pg36309.txt
240,./gutenberg/pg11976.txt,./gutenberg/pg11972.txt
241,./gutenberg/pg11976.txt,./gutenberg/pg11975.txt
242,./gutenberg/pg12030.txt,./gutenberg/pg11010.txt
243,./gutenberg/pg12030.txt,./gutenberg/pg9334.txt
244,./gutenberg/pg13159.txt,./gutenberg/pg1443.txt
245,./gutenberg/pg13159.txt,./gutenberg/pg1559.txt
246,./gutenberg/pg16291.txt,./gutenberg/pg10679.txt
247,./gutenberg/pg16291.txt,./gutenberg/pg19608.txt
248,./gutenberg/pg22515.txt,./gutenberg/pg18619.txt
249,./gutenberg/pg22515.txt,./gutenberg/pg22229.txt
250,./gutenberg/pg270.txt,./gutenberg/pg1288.txt
251,./gutenberg/pg270.txt,./gutenberg/pg35187.txt
252,./gutenberg/pg2701.txt,./gutenberg/pg15.txt
253,./gutenberg/pg2701.txt,./gutenberg/pg2489.txt
254,./gutenberg/pg31484.txt,./gutenberg/pg32954.txt
255,./gutenberg/pg31484.txt,./gutenberg/pg848.txt
256,./gutenberg/pg3361.txt,./gutenberg/pg3355.txt
257,./gutenberg/pg3361.txt,./gutenberg/pg3356.txt
258,./gutenberg/pg34858.txt,./gutenberg/pg4410.txt
259,./gutenberg/pg34858.txt,./gutenberg/pg4412.txt
260,./gutenberg/pg35424.txt,./gutenberg/pg19147.txt
261,./gutenberg/pg35424.txt,./gutenberg/pg35003.txt
262,./gutenberg/pg3580.txt,./gutenberg/pg3571.txt
263,./gutenberg/pg3580.txt,./gutenberg/pg3579.txt
264,./gutenberg/pg3854.txt,./gutenberg/pg3850.txt
265,./gutenberg/pg3854.txt,./gutenberg/pg3852.txt
266,./gutenberg/pg39301.txt,./gutenberg/pg2953.txt
267,./gutenberg/pg39301.txt,./gutenberg/pg2954.txt
268,./gutenberg/pg39306.txt,./gutenberg/pg2976.txt
269,./gutenberg/pg39306.txt,./gutenberg/pg2977.txt
270,./gutenberg/pg39307.txt,./gutenberg/pg39290.txt
271,./gutenberg/pg39307.txt,./gutenberg/pg39313.txt
272,./gutenberg/pg3967.txt,./gutenberg/pg3964.txt
273,./gutenberg/pg3967.txt,./gutenberg/pg3965.txt
274,./gutenberg/pg3985.txt,./gutenberg/pg3981.txt
275,./gutenberg/pg3985.txt,./gutenberg/pg3982.txt
276,./gutenberg/pg39898.txt,./gutenberg/pg39607.txt
277,./gutenberg/pg39898.txt,./gutenberg/pg40475.txt
278,./gutenberg/pg4195.txt,./gutenberg/pg4190.txt
279,./gutenberg/pg4195.txt,./gutenberg/pg4192.txt
280,./gutenberg/pg4199.txt,./gutenberg/pg4197.txt
281,./gutenberg/pg4199.txt,./gutenberg/pg4198.txt
282,./gutenberg/pg4270.txt,./gutenberg/pg3405.txt
283,./gutenberg/pg4270.txt,./gutenberg/pg3406.txt
284,./gutenberg/pg4460.txt,./gutenberg/pg4456.txt
285,./gutenberg/pg4460.txt,./gutenberg/pg4459.txt
286,./gutenberg/pg4482.txt,./gutenberg/pg4477.txt
287,./gutenberg/pg4482.txt,./gutenberg/pg4479.txt
288,./gutenberg/pg4537.txt,./gutenberg/pg4534.txt
289,./gutenberg/pg4537.txt,./gutenberg/pg4535.txt
290,./gutenberg/pg47849.txt,./gutenberg/pg47847.txt
291,./gutenberg/pg47849.txt,./gutenberg/pg47848.txt
292,./gutenberg/pg4899.txt,./gutenberg/pg4892.txt
293,./gutenberg/pg4899.txt,./gutenberg/pg4898.txt
294,./gutenberg/pg4912.txt,./gutenberg/pg4720.txt
295,./gutenberg/pg4912.txt,./gutenberg/pg4911.txt
296,./gutenberg/pg49683.txt,./gutenberg/pg46675.txt
297,./gutenberg/pg49683.txt,./gutenberg/pg730.txt
298,./gutenberg/pg5108.txt,./gutenberg/pg5106.txt
299,./gutenberg/pg5108.txt,./gutenberg/pg5107.txt
300,./gutenberg/pg51893.txt,./gutenberg/pg10217.txt
301,./gutenberg/pg51893.txt,./gutenberg/pg365.txt
302,./gutenberg/pg5387.txt,./gutenberg/pg5385.txt
303,./gutenberg/pg5387.txt,./gutenberg/pg5386.txt
304,./gutenberg/pg54066.txt,./gutenberg/pg54011.txt
305,./gutenberg/pg54066.txt,./gutenberg/pg54012.txt
306,./gutenberg/pg5449.txt,./gutenberg/pg5444.txt
307,./gutenberg/pg5449.txt,./gutenberg/pg5447.txt
308,./gutenberg/pg54764.txt,./gutenberg/pg46124.txt
309,./gutenberg/pg54764.txt,./gutenberg/pg56005.txt
310,./gutenberg/pg5493.txt,./gutenberg/pg5485.txt
311,./gutenberg/pg5493.txt,./gutenberg/pg5491.txt
312,./gutenberg/pg55122.txt,./gutenberg/pg54510.txt
313,./gutenberg/pg55122.txt,./gutenberg/pg55121.txt
314,./gutenberg/pg5516.txt,./gutenberg/pg5511.txt
315,./gutenberg/pg5516.txt,./gutenberg/pg5512.txt
316,./gutenberg/pg5571.txt,./gutenberg/pg5564.txt
317,./gutenberg/pg5571.txt,./gutenberg/pg5569.txt
318,./gutenberg/pg55870.txt,./gutenberg/pg55871.txt
319,./gutenberg/pg55870.txt,./gutenberg/pg55872.txt
320,./gutenberg/pg5668.txt,./gutenberg/pg5665.txt
321,./gutenberg/pg5668.txt,./gutenberg/pg5667.txt
322,./gutenberg/pg5753.txt,./gutenberg/pg5751.txt
323,./gutenberg/pg5753.txt,./gutenberg/pg5752.txt
324,./gutenberg/pg58443.txt,./gutenberg/pg58441.txt
325,./gutenberg/pg58443.txt,./gutenberg/pg58442.txt
326,./gutenberg/pg589.txt,./gutenberg/pg14133.txt
327,./gutenberg/pg589.txt,./gutenberg/pg30870.txt
328,./gutenberg/pg5976.txt,./gutenberg/pg5974.txt
329,./gutenberg/pg5976.txt,./gutenberg/pg5975.txt
330,./gutenberg/pg61445.txt,./gutenberg/pg61443.txt
331,./gutenberg/pg61445.txt,./gutenberg/pg61444.txt
332,./gutenberg/pg6148.txt,./gutenberg/pg6146.txt
333,./gutenberg/pg6148.txt,./gutenberg/pg6147.txt
334,./gutenberg/pg6156.txt,./gutenberg/pg6151.txt
335,./gutenberg/pg6156.txt,./gutenberg/pg6152.txt
336,./gutenberg/pg6185.txt,./gutenberg/pg6181.txt
337,./gutenberg/pg6185.txt,./gutenberg/pg6182.txt
338,./gutenberg/pg6194.txt,./gutenberg/pg6192.txt
339,./gutenberg/pg6194.txt,./gutenberg/pg6193.txt
340,./gutenberg/pg62466.txt,./gutenberg/pg62464.txt
341,./gutenberg/pg62466.txt,./gutenberg/pg62465.txt
342,./gutenberg/pg6291.txt,./gutenberg/pg6289.txt
343,./gutenberg/pg6291.txt,./gutenberg/pg6290.txt
344,./gutenberg/pg6299.txt,./gutenberg/pg6296.txt
345,./gutenberg/pg6299.txt,./gutenberg/pg6298.txt
346,./gutenberg/pg6300.txt,./gutenberg/pg6191.txt
347,./gutenberg/pg6300.txt,./gutenberg/pg6201.txt
348,./gutenberg/pg6634.txt,./gutenberg/pg6632.txt
349,./gutenberg/pg6634.txt,./gutenberg/pg6633.txt
350,./gutenberg/pg6941.txt,./gutenberg/pg6939.txt
351,./gutenberg/pg6941.txt,./gutenberg/pg6940.txt
352,./gutenberg/pg7025.txt,./gutenberg/pg7023.txt
353,./gutenberg/pg7025.txt,./gutenberg/pg7024.txt
354,./gutenberg/pg70593.txt,./gutenberg/pg70591.txt
355,./gutenberg/pg70593.txt,./gutenberg/pg70592.txt
356,./gutenberg/pg76.txt,./gutenberg/pg32325.txt
357,./gutenberg/pg76.txt,./gutenberg/pg7103.txt
358,./gutenberg/pg7605.txt,./gutenberg/pg7594.txt
359,./gutenberg/pg7605.txt,./gutenberg/pg7596.txt
360,./gutenberg/pg7749.txt,./gutenberg/pg7738.txt
361,./gutenberg/pg7749.txt,./gutenberg/pg7743.txt
362,./gutenberg/pg7823.txt,./gutenberg/pg7821.txt
363,./gutenberg/pg7823.txt,./gutenberg/pg7822.txt
364,./gutenberg/pg7852.txt,./gutenberg/pg7850.txt
365,./gutenberg/pg7852.txt,./gutenberg/pg7851.txt
366,./gutenberg/pg7878.txt,./gutenberg/pg7876.txt
367,./gutenberg/pg7878.txt,./gutenberg/pg7877.txt
368,./gutenberg/pg7881.txt,./gutenberg/pg7879.txt
369,./gutenberg/pg7881.txt,./gutenberg/pg7880.txt
370,./gutenberg/pg8460.txt,./gutenberg/pg8458.txt
371,./gutenberg/pg8460.txt,./gutenberg/pg8459.txt
372,./gutenberg/pg8516.txt,./gutenberg/pg8514.txt
373,./gutenberg/pg8516.txt,./gutenberg/pg8515.txt
374,./gutenberg/pg8562.txt,./gutenberg/pg8551.txt
375,./gutenberg/pg8562.txt,./gutenberg/pg8553.txt
376,./gutenberg/pg86.txt,./gutenberg/pg7242.txt
377,./gutenberg/pg86.txt,./gutenberg/pg7245.txt
378,./gutenberg/pg9670.txt,./gutenberg/pg9667.txt
379,./gutenberg/pg9670.txt,./gutenberg/pg9668.txt
380,./post-ocr-correction/sn99021999-015826.txt,./post-ocr-correction/sn99021999-015838.txt
381,./post-ocr-correction/sn99021999-015826.txt,./post-ocr-correction/sn99021999-016140.txt
382,./gutenberg/pg3962.txt,./gutenberg/pg3959.txt
383,./gutenberg/pg3962.txt,./gutenberg/pg3961.txt
384,./gutenberg/pg5346.txt,./gutenberg/pg5344.txt
385,./gutenberg/pg5346.txt,./gutenberg/pg5345.txt
386,./gutenberg/pg5999.txt,./gutenberg/pg5354.txt
387,./gutenberg/pg5999.txt,./gutenberg/pg5355.txt
388,./blbooks/1805_002781219.txt,./blbooks/1805_002781218.txt
389,./blbooks/1809_000210806.txt,./blbooks/1833_000210807.txt
390,./blbooks/1814_003372092.txt,./blbooks/1814_003372093.txt
391,./blbooks/1815_001825131.txt,./blbooks/1817_000200433.txt
392,./blbooks/1818_000451882.txt,./blbooks/1820_000451883.txt
393,./blbooks/1822_000984697.txt,./blbooks/1896_002061467.txt
394,./blbooks/1822_001889817.txt,./blbooks/1821_001889816.txt
395,./blbooks/1822_003193876.txt,./blbooks/1822_003193875.txt
396,./blbooks/1824_002093774.txt,./blbooks/1823_002093773.txt
397,./blbooks/1824_003018839.txt,./blbooks/1823_003018838.txt
398,./blbooks/1825_000955178.txt,./blbooks/1825_000372680.txt
399,./blbooks/1825_001708653.txt,./blbooks/1830_000797289.txt
400,./blbooks/1825_003874748.txt,./blbooks/1834_003117617.txt
401,./blbooks/1826_001302681.txt,./blbooks/1826_001628723.txt
402,./blbooks/1830_001340746.txt,./blbooks/1829_003691410.txt
403,./blbooks/1831_000883380.txt,./blbooks/1830_000883379.txt
404,./blbooks/1831_001564091.txt,./blbooks/1829_001564090.txt
405,./blbooks/1831_003429998.txt,./blbooks/1828_003429995.txt
406,./blbooks/1832_001715924.txt,./blbooks/1825_001715923.txt
407,./blbooks/1834_001715926.txt,./blbooks/1840_001715922.txt
408,./blbooks/1834_002164612.txt,./blbooks/1835_002164613.txt
409,./blbooks/1834_002175337.txt,./blbooks/1833_002175336.txt
410,./blbooks/1835_000497868.txt,./blbooks/1840_000497869.txt
411,./blbooks/1835_001800603.txt,./blbooks/1838_001800604.txt
412,./blbooks/1839_002800410.txt,./gutenberg/pg43540.txt
413,./blbooks/1839_003550354.txt,./blbooks/1839_003212322.txt
414,./blbooks/1841_000186463.txt,./blbooks/1842_000186464.txt
415,./blbooks/1841_000447547.txt,./blbooks/1843_000447548.txt
416,./blbooks/1841_003083716.txt,./blbooks/1836_003083714.txt
417,./blbooks/1842_000213250.txt,./blbooks/1853_000213251.txt
418,./blbooks/1843_000725050.txt,./blbooks/1842_000725048.txt
419,./blbooks/1844_001550502.txt,./blbooks/1843_001550501.txt
420,./blbooks/1844_003510626.txt,./blbooks/1845_003510627.txt
421,./blbooks/1845_000496558.txt,./blbooks/1851_000496559.txt
422,./blbooks/1846_000410155.txt,./blbooks/1849_000410156.txt
423,./blbooks/1847_001698519.txt,./blbooks/1846_001698518.txt
424,./blbooks/1848_002390816.txt,./gutenberg/pg26844.txt
425,./blbooks/1848_003932240.txt,./blbooks/1849_003932241.txt
426,./blbooks/1850_002263925.txt,./blbooks/1847_002263924.txt
427,./blbooks/1851_000216441.txt,./blbooks/1862_000216442.txt
428,./blbooks/1851_003335384.txt,./blbooks/1852_003335377.txt
429,./blbooks/1852_000194808.txt,./blbooks/1845_000194807.txt
430,./blbooks/1852_000573706.txt,./blbooks/1853_002148658.txt
431,./blbooks/1853_000498046.txt,./blbooks/1855_000498047.txt
432,./blbooks/1853_000875577.txt,./blbooks/1849_000875576.txt
433,./blbooks/1853_003927967.txt,./blbooks/1852_003927966.txt
434,./blbooks/1854_001694512.txt,./blbooks/1853_001694511.txt
435,./blbooks/1855_000353380.txt,./blbooks/1849_000353379.txt
436,./blbooks/1855_003586889.txt,./blbooks/1857_003586890.txt
437,./blbooks/1856_002381437.txt,./blbooks/1855_002381436.txt
438,./blbooks/1858_002500386.txt,./blbooks/1857_002500385.txt
439,./blbooks/1860_001969047.txt,./blbooks/1870_001969048.txt
440,./blbooks/1860_003266055.txt,./blbooks/1860_003266054.txt
441,./blbooks/1860_003946872.txt,./blbooks/1860_003946873.txt
442,./blbooks/1861_004148529.txt,./blbooks/1852_000489978.txt
443,./blbooks/1862_002591207.txt,./blbooks/1842_002591204.txt
444,./blbooks/1862_003517470.txt,./blbooks/1862_003517469.txt
445,./blbooks/1866_001695100.txt,./blbooks/1863_001695099.txt
446,./blbooks/1869_001741480.txt,./blbooks/1870_001741481.txt
447,./blbooks/1870_001570016.txt,./blbooks/1865_001570015.txt
448,./blbooks/1870_002316020.txt,./blbooks/1870_002316019.txt
449,./blbooks/1870_002703862.txt,./blbooks/1875_002703863.txt
450,./blbooks/1870_003591041.txt,./blbooks/1870_003591040.txt
451,./blbooks/1871_002151114.txt,./blbooks/1857_002151113.txt
452,./blbooks/1872_000426661.txt,./blbooks/1870_000426660.txt
453,./blbooks/1872_002461982.txt,./blbooks/1891_002461974.txt
454,./blbooks/1873_002167944.txt,./blbooks/1871_002167943.txt
455,./blbooks/1873_002781336.txt,./blbooks/1885_002781337.txt
456,./blbooks/1874_001372981.txt,./blbooks/1869_001372978.txt
457,./blbooks/1874_002202110.txt,./blbooks/1872_001800040.txt
458,./blbooks/1874_002314222.txt,./blbooks/1876_002314223.txt
459,./blbooks/1874_003976723.txt,./blbooks/1874_003976722.txt
460,./blbooks/1875_001520064.txt,./blbooks/1877_001520065.txt
461,./blbooks/1875_001967528.txt,./blbooks/1875_001967527.txt
462,./blbooks/1876_003256988.txt,./blbooks/1890_003256989.txt
463,./blbooks/1877_000600876.txt,./blbooks/1878_000600877.txt
464,./blbooks/1877_001967943.txt,./blbooks/1873_001967942.txt
465,./blbooks/1877_003598807.txt,./blbooks/1872_003598804.txt
466,./blbooks/1878_001350796.txt,./blbooks/1879_001350797.txt
467,./blbooks/1878_001577709.txt,./blbooks/1877_001580776.txt
468,./blbooks/1878_001763163.txt,./blbooks/1891_001763164.txt
469,./blbooks/1879_001557709.txt,./blbooks/1880_001557710.txt
470,./blbooks/1879_003952456.txt,./blbooks/1886_003952457.txt
471,./blbooks/1880_001526228.txt,./blbooks/1882_001526229.txt
472,./blbooks/1880_002698154.txt,./blbooks/1884_002698155.txt
473,./blbooks/1880_003840629.txt,./blbooks/1870_003840628.txt
474,./blbooks/1881_000145111.txt,./blbooks/1891_000145112.txt
475,./blbooks/1881_000726512.txt,./blbooks/1898_000726513.txt
476,./blbooks/1881_002402284.txt,./blbooks/1898_002402285.txt
477,./blbooks/1882_000759323.txt,./blbooks/1888_000759324.txt
478,./blbooks/1882_001658584.txt,./blbooks/1882_001658585.txt
479,./blbooks/1883_000201749.txt,./blbooks/1872_000201748.txt
480,./blbooks/1883_000259925.txt,./blbooks/1886_000259926.txt
481,./blbooks/1883_000730449.txt,./blbooks/1879_000730448.txt
482,./blbooks/1883_001369908.txt,./blbooks/1879_001743528.txt
483,./blbooks/1883_002310023.txt,./blbooks/1875_002310022.txt
484,./blbooks/1884_000594306.txt,./blbooks/1859_000594305.txt
485,./blbooks/1884_001971050.txt,./blbooks/1874_001971049.txt
486,./blbooks/1884_001971122.txt,./blbooks/1879_001971121.txt
487,./blbooks/1884_002251071.txt,./blbooks/1884_002216263.txt
488,./blbooks/1884_003556149.txt,./blbooks/1883_003556148.txt
489,./blbooks/1885_000855621.txt,./blbooks/1885_000855620.txt
490,./blbooks/1886_000700200.txt,./gutenberg/pg42197.txt
491,./blbooks/1886_000823161.txt,./blbooks/1886_000823160.txt
492,./blbooks/1886_002226625.txt,./blbooks/1886_003787169.txt
493,./blbooks/1886_002693045.txt,./blbooks/1886_002693046.txt
494,./blbooks/1887_000145105.txt,./blbooks/1891_000145107.txt
495,./blbooks/1887_001750159.txt,./blbooks/1889_001750160.txt
496,./blbooks/1887_002184708.txt,./blbooks/1884_002184707.txt
497,./blbooks/1887_003630083.txt,./blbooks/1887_003630082.txt
498,./blbooks/1888_000606012.txt,./blbooks/1898_000606013.txt
499,./blbooks/1888_000620378.txt,./blbooks/1864_000620377.txt
500,./blbooks/1888_000709692.txt,./blbooks/1894_000709693.txt
501,./blbooks/1888_000986277.txt,./blbooks/1891_000986278.txt
502,./blbooks/1888_000994020.txt,./blbooks/1893_000994021.txt
503,./blbooks/1888_001462953.txt,./blbooks/1887_001462952.txt
504,./blbooks/1888_001656321.txt,./blbooks/1896_001656322.txt
505,./blbooks/1888_003460318.txt,./blbooks/1890_001763500.txt
506,./blbooks/1888_003967989.txt,./blbooks/1895_003967990.txt
507,./blbooks/1888_003968018.txt,./blbooks/1895_003968020.txt
508,./blbooks/1888_003968088.txt,./blbooks/1895_003968089.txt
509,./blbooks/1888_003968124.txt,./blbooks/1895_003968125.txt
510,./blbooks/1888_003968133.txt,./blbooks/1895_003968134.txt
511,./blbooks/1889_000209562.txt,./blbooks/1894_000209563.txt
512,./blbooks/1889_000259160.txt,./blbooks/1887_000259159.txt
513,./blbooks/1889_000733080.txt,./blbooks/1888_000733079.txt
514,./blbooks/1889_000833142.txt,./blbooks/1888_000833141.txt
515,./blbooks/1889_001970264.txt,./blbooks/1880_001970263.txt
516,./blbooks/1889_001970283.txt,./blbooks/1880_001970282.txt
517,./blbooks/1889_002420373.txt,./blbooks/1888_002420372.txt
518,./blbooks/1889_002485444.txt,./blbooks/1888_002485443.txt
519,./blbooks/1889_003461262.txt,./blbooks/1888_003461261.txt
520,./blbooks/1889_003582345.txt,./blbooks/1888_003582344.txt
521,./blbooks/1889_003798408.txt,./blbooks/1889_003798407.txt
522,./blbooks/1889_003863327.txt,./blbooks/1888_003863326.txt
523,./blbooks/1889_003968013.txt,./blbooks/1896_003968014.txt
524,./blbooks/1890_000892283.txt,./blbooks/1895_000892290.txt
525,./blbooks/1890_001461261.txt,./blbooks/1890_001461262.txt
526,./blbooks/1890_002796285.txt,./blbooks/1892_002796286.txt
527,./blbooks/1891_000434578.txt,./blbooks/1892_000434579.txt
528,./blbooks/1891_000741947.txt,./blbooks/1889_000741946.txt
529,./blbooks/1891_000976090.txt,./blbooks/1891_000976089.txt
530,./blbooks/1891_001672046.txt,./blbooks/1890_001672045.txt
531,./blbooks/1891_001749846.txt,./blbooks/1891_001749845.txt
532,./blbooks/1891_002091783.txt,./blbooks/1889_000511159.txt
533,./blbooks/1891_002398468.txt,./blbooks/1890_002398467.txt
534,./blbooks/1891_002566754.txt,./blbooks/1893_002128571.txt
535,./blbooks/1891_003700274.txt,./blbooks/1889_003700273.txt
536,./blbooks/1891_003985206.txt,./blbooks/1890_003985205.txt
537,./blbooks/1892_000741931.txt,./blbooks/1891_000741930.txt
538,./blbooks/1892_001561566.txt,./blbooks/1890_001561565.txt
539,./blbooks/1892_001656371.txt,./gutenberg/pg42276.txt
540,./blbooks/1892_001734555.txt,./blbooks/1892_001734554.txt
541,./blbooks/1892_001937447.txt,./blbooks/1891_001937446.txt
542,./blbooks/1892_003163690.txt,./gutenberg/pg47796.txt
543,./blbooks/1892_003163696.txt,./gutenberg/pg53617.txt
544,./blbooks/1892_003461276.txt,./blbooks/1892_003461275.txt
545,./blbooks/1892_003538937.txt,./gutenberg/pg17618.txt
546,./blbooks/1892_003979073.txt,./blbooks/1896_003979074.txt
547,./blbooks/1893_000488057.txt,./blbooks/1894_000488058.txt
548,./blbooks/1893_000886969.txt,./blbooks/1892_000886968.txt
549,./blbooks/1893_000977616.txt,./blbooks/1895_000977617.txt
550,./blbooks/1893_001845839.txt,./blbooks/1893_001845838.txt
551,./blbooks/1893_001852801.txt,./blbooks/1893_001852800.txt
552,./blbooks/1893_001894767.txt,./blbooks/1895_001894768.txt
553,./blbooks/1893_002142868.txt,./blbooks/1891_002142867.txt
554,./blbooks/1893_002287030.txt,./blbooks/1892_002287029.txt
555,./blbooks/1893_002390784.txt,./blbooks/1891_002390783.txt
556,./blbooks/1893_002497492.txt,./blbooks/1892_002497491.txt
557,./blbooks/1893_002643120.txt,./blbooks/1898_002643121.txt
558,./blbooks/1893_003296863.txt,./blbooks/1896_003296864.txt
559,./blbooks/1893_003759502.txt,./blbooks/1893_003759501.txt
560,./blbooks/1893_003999469.txt,./blbooks/1888_003999468.txt
561,./blbooks/1893_003999550.txt,./blbooks/1889_003999549.txt
562,./blbooks/1894_001729493.txt,./blbooks/1893_001729492.txt
563,./blbooks/1894_002354591.txt,./blbooks/1891_002354588.txt
564,./blbooks/1894_003514223.txt,./blbooks/1894_003514224.txt
565,./blbooks/1895_000209605.txt,./gutenberg/pg10727.txt
566,./blbooks/1895_000517253.txt,./blbooks/1895_003540226.txt
567,./blbooks/1895_001237532.txt,./blbooks/1894_001237531.txt
568,./blbooks/1895_001593976.txt,./blbooks/1892_001594197.txt
569,./blbooks/1895_001616154.txt,./blbooks/1895_001616155.txt
570,./blbooks/1895_001699123.txt,./blbooks/1892_001699122.txt
571,./blbooks/1895_001699190.txt,./blbooks/1895_001699191.txt
572,./blbooks/1895_001760054.txt,./gutenberg/pg54502.txt
573,./blbooks/1895_002279520.txt,./blbooks/1888_002279519.txt
574,./blbooks/1895_002390707.txt,./blbooks/1894_002390706.txt
575,./blbooks/1895_002441092.txt,./blbooks/1890_002686652.txt
576,./blbooks/1895_002557090.txt,./gutenberg/pg19172.txt
577,./blbooks/1895_002779161.txt,./blbooks/1898_002779165.txt
578,./blbooks/1895_002779228.txt,./blbooks/1898_002779229.txt
579,./blbooks/1895_003968078.txt,./blbooks/1888_003968077.txt
580,./blbooks/1895_003968139.txt,./blbooks/1888_003968138.txt
581,./blbooks/1895_003968148.txt,./blbooks/1888_003968147.txt
582,./blbooks/1895_003968154.txt,./blbooks/1888_003968153.txt
583,./blbooks/1896_000074636.txt,./blbooks/1894_000074635.txt
584,./blbooks/1896_000119647.txt,./blbooks/1890_000119644.txt
585,./blbooks/1896_000383667.txt,./blbooks/1891_000383666.txt
586,./blbooks/1896_000730758.txt,./blbooks/1896_000730759.txt
587,./blbooks/1896_000932820.txt,./blbooks/1896_004102455.txt
588,./blbooks/1896_001476277.txt,./blbooks/1889_001476276.txt
589,./blbooks/1896_001593982.txt,./blbooks/1894_001594147.txt
590,./blbooks/1896_001593983.txt,./blbooks/1891_001594126.txt
591,./blbooks/1896_001971093.txt,./gutenberg/pg21397.txt
592,./blbooks/1896_001988940.txt,./gutenberg/pg43061.txt
593,./blbooks/1896_002223765.txt,./blbooks/1895_002223764.txt
594,./blbooks/1896_002367098.txt,./blbooks/1896_002367099.txt
595,./blbooks/1896_002779219.txt,./blbooks/1896_002779220.txt
596,./blbooks/1896_002813682.txt,./blbooks/1896_002813683.txt
597,./blbooks/1896_003393641.txt,./blbooks/1895_003393640.txt
598,./blbooks/1896_003599559.txt,./blbooks/1893_003599558.txt
599,./blbooks/1896_003851356.txt,./blbooks/1896_003851355.txt
600,./blbooks/1896_003968000.txt,./blbooks/1889_003967999.txt
601,./blbooks/1897_000144558.txt,./blbooks/1898_000144559.txt
602,./blbooks/1897_000349304.txt,./blbooks/1897_000349303.txt
603,./blbooks/1897_000615621.txt,./blbooks/1897_000615620.txt
604,./blbooks/1897_000836765.txt,./blbooks/1895_000836764.txt
605,./blbooks/1897_000880338.txt,./blbooks/1897_000880337.txt
606,./blbooks/1897_000880361.txt,./blbooks/1897_000880360.txt
607,./blbooks/1897_001656409.txt,./gutenberg/pg33619.txt
608,./blbooks/1897_001697152.txt,./blbooks/1895_001697151.txt
609,./blbooks/1897_001749202.txt,./gutenberg/pg21381.txt
610,./blbooks/1897_001863091.txt,./blbooks/1895_001863090.txt
611,./blbooks/1897_002320444.txt,./blbooks/1895_002320443.txt
612,./blbooks/1897_002719962.txt,./gutenberg/pg67549.txt
613,./blbooks/1897_003506716.txt,./blbooks/1896_003506715.txt
614,./blbooks/1897_003904617.txt,./gutenberg/pg16196.txt
615,./blbooks/1897_003968084.txt,./blbooks/1890_003968083.txt
616,./blbooks/1898_000202894.txt,./blbooks/1892_000202893.txt
617,./blbooks/1898_000370010.txt,./blbooks/1898_000370009.txt
618,./blbooks/1898_001006934.txt,./gutenberg/pg16349.txt
619,./blbooks/1898_001745620.txt,./blbooks/1896_001745619.txt
620,./blbooks/1898_001865285.txt,./blbooks/1896_001865284.txt
621,./blbooks/1898_001970443.txt,./blbooks/1897_001970442.txt
622,./blbooks/1898_002066525.txt,./blbooks/1898_002066524.txt
623,./blbooks/1898_002217275.txt,./blbooks/1898_002217274.txt
624,./blbooks/1898_002326040.txt,./blbooks/1895_002326038.txt
625,./blbooks/1898_002779198.txt,./blbooks/1893_002779197.txt
626,./blbooks/1898_002950143.txt,./blbooks/1896_002950142.txt
627,./blbooks/1898_003154888.txt,./blbooks/1895_003154887.txt
628,./blbooks/1898_004001363.txt,./gutenberg/pg48111.txt
629,./gutenberg/pg10148.txt,./gutenberg/pg964.txt
630,./gutenberg/pg10476.txt,./gutenberg/pg24201.txt
631,./gutenberg/pg10531.txt,./gutenberg/pg1498.txt
632,./gutenberg/pg10532.txt,./gutenberg/pg1499.txt
633,./gutenberg/pg107.txt,./gutenberg/pg27.txt
634,./gutenberg/pg1082.txt,./gutenberg/pg32333.txt
635,./gutenberg/pg11.txt,./gutenberg/pg928.txt
636,./gutenberg/pg1100.txt,./gutenberg/pg2254.txt
637,./gutenberg/pg1101.txt,./gutenberg/pg2255.txt
638,./gutenberg/pg1102.txt,./gutenberg/pg2256.txt
639,./gutenberg/pg1103.txt,./gutenberg/pg2257.txt
640,./gutenberg/pg1104.txt,./gutenberg/pg2239.txt
641,./gutenberg/pg1106.txt,./gutenberg/pg2260.txt
642,./gutenberg/pg1107.txt,./gutenberg/pg2245.txt
643,./gutenberg/pg1108.txt,./gutenberg/pg2236.txt
644,./gutenberg/pg1109.txt,./gutenberg/pg2241.txt
645,./gutenberg/pg1111.txt,./gutenberg/pg2250.txt
646,./gutenberg/pg1112.txt,./gutenberg/pg2261.txt
647,./gutenberg/pg1113.txt,./gutenberg/pg2242.txt
648,./gutenberg/pg1114.txt,./gutenberg/pg2243.txt
649,./gutenberg/pg1115.txt,./gutenberg/pg2251.txt
650,./gutenberg/pg1116.txt,./gutenberg/pg2237.txt
651,./gutenberg/pg1117.txt,./gutenberg/pg2252.txt
652,./gutenberg/pg1118.txt,./gutenberg/pg2240.txt
653,./gutenberg/pg1119.txt,./gutenberg/pg2253.txt
654,./gutenberg/pg1120.txt,./gutenberg/pg2263.txt
655,./gutenberg/pg1121.txt,./gutenberg/pg2244.txt
656,./gutenberg/pg1122.txt,./gutenberg/pg2265.txt
657,./gutenberg/pg1123.txt,./gutenberg/pg2247.txt
658,./gutenberg/pg1125.txt,./gutenberg/pg2246.txt
659,./gutenberg/pg1126.txt,./gutenberg/pg2238.txt
660,./gutenberg/pg1127.txt,./gutenberg/pg2267.txt
661,./gutenberg/pg1128.txt,./gutenberg/pg2266.txt
662,./gutenberg/pg1129.txt,./gutenberg/pg2264.txt
663,./gutenberg/pg113.txt,./gutenberg/pg17396.txt
664,./gutenberg/pg1130.txt,./gutenberg/pg2268.txt
665,./gutenberg/pg1131.txt,./gutenberg/pg2259.txt
666,./gutenberg/pg1132.txt,./gutenberg/pg2262.txt
667,./gutenberg/pg1133.txt,./gutenberg/pg2269.txt
668,./gutenberg/pg1134.txt,./gutenberg/pg2248.txt
669,./gutenberg/pg1135.txt,./gutenberg/pg2235.txt
670,./gutenberg/pg1136.txt,./gutenberg/pg2258.txt
671,./gutenberg/pg11605.txt,./gutenberg/pg11560.txt
672,./gutenberg/pg1200.txt,./gutenberg/pg8169.txt
673,./gutenberg/pg1201.txt,./gutenberg/pg32984.txt
674,./gutenberg/pg1217.txt,./gutenberg/pg28877.txt
675,./gutenberg/pg122.txt,./gutenberg/pg17500.txt
676,./gutenberg/pg12453.txt,./gutenberg/pg15117.txt
677,./gutenberg/pg12555.txt,./gutenberg/pg21768.txt
678,./gutenberg/pg1258.txt,./gutenberg/pg2609.txt
679,./gutenberg/pg12651.txt,./gutenberg/pg3461.txt
680,./gutenberg/pg1268.txt,./gutenberg/pg21489.txt
681,./gutenberg/pg12900.txt,./gutenberg/pg1749.txt
682,./gutenberg/pg130.txt,./gutenberg/pg16769.txt
683,./gutenberg/pg13021.txt,./gutenberg/pg5027.txt
684,./gutenberg/pg1323.txt,./gutenberg/pg1209.txt
685,./gutenberg/pg13260.txt,./gutenberg/pg2318.txt
686,./gutenberg/pg13290.txt,./gutenberg/pg21750.txt
687,./gutenberg/pg13354.txt,./gutenberg/pg12308.txt
688,./gutenberg/pg13381.txt,./gutenberg/pg15777.txt
689,./gutenberg/pg13673.txt,./gutenberg/pg21571.txt
690,./gutenberg/pg1383.txt,./gutenberg/pg1042.txt
691,./gutenberg/pg13977.txt,./gutenberg/pg830.txt
692,./gutenberg/pg14061.txt,./gutenberg/pg44791.txt
693,./gutenberg/pg1412.txt,./gutenberg/pg21552.txt
694,./gutenberg/pg14203.txt,./gutenberg/pg12491.txt
695,./gutenberg/pg14204.txt,./gutenberg/pg5119.txt
696,./gutenberg/pg14222.txt,./gutenberg/pg21575.txt
697,./gutenberg/pg14300.txt,./gutenberg/pg14290.txt
698,./gutenberg/pg14432.txt,./gutenberg/pg52126.txt
699,./gutenberg/pg147.txt,./gutenberg/pg3755.txt
700,./gutenberg/pg1491.txt,./gutenberg/pg3319.txt
701,./gutenberg/pg1497.txt,./gutenberg/pg150.txt
702,./gutenberg/pg15311.txt,./gutenberg/pg3468.txt
703,./gutenberg/pg15348.txt,./gutenberg/pg23371.txt
704,./gutenberg/pg15877.txt,./gutenberg/pg6920.txt
705,./gutenberg/pg15984.txt,./gutenberg/pg3101.txt
706,./gutenberg/pg15991.txt,./gutenberg/pg24470.txt
707,./gutenberg/pg16.txt,./gutenberg/pg26654.txt
708,./gutenberg/pg16052.txt,./gutenberg/pg33880.txt
709,./gutenberg/pg16136.txt,./gutenberg/pg2629.txt
710,./gutenberg/pg16146.txt,./gutenberg/pg6033.txt
711,./gutenberg/pg16184.txt,./gutenberg/pg30561.txt
712,./gutenberg/pg16894.txt,./gutenberg/pg3662.txt
713,./gutenberg/pg16995.txt,./gutenberg/pg19897.txt
714,./gutenberg/pg17159.txt,./gutenberg/pg32727.txt
715,./gutenberg/pg1725.txt,./gutenberg/pg13094.txt
716,./gutenberg/pg17366.txt,./gutenberg/pg12439.txt
717,./gutenberg/pg1745.txt,./gutenberg/pg20.txt
718,./gutenberg/pg17460.txt,./gutenberg/pg840.txt
719,./gutenberg/pg17635.txt,./gutenberg/pg2468.txt
720,./gutenberg/pg17743.txt,./gutenberg/pg30907.txt
721,./gutenberg/pg18.txt,./gutenberg/pg1404.txt
722,./gutenberg/pg18149.txt,./gutenberg/pg11426.txt
723,./gutenberg/pg18154.txt,./gutenberg/pg30431.txt
724,./gutenberg/pg18219.txt,./gutenberg/pg17697.txt
725,./gutenberg/pg18642.txt,./gutenberg/pg32713.txt
726,./gutenberg/pg18893.txt,./gutenberg/pg14634.txt
727,./gutenberg/pg18993.txt,./gutenberg/pg74727.txt
728,./gutenberg/pg19007.txt,./gutenberg/pg37038.txt
729,./gutenberg/pg19166.txt,./gutenberg/pg28482.txt
730,./gutenberg/pg19337.txt,./gutenberg/pg24022.txt
731,./gutenberg/pg1937.txt,./gutenberg/pg37364.txt
732,./gutenberg/pg19419.txt,./gutenberg/pg21466.txt
733,./gutenberg/pg19473.txt,./gutenberg/pg14762.txt
734,./gutenberg/pg19810.txt,./gutenberg/pg242.txt
735,./gutenberg/pg20447.txt,./gutenberg/pg38808.txt
736,./gutenberg/pg20486.txt,./gutenberg/pg9370.txt
737,./gutenberg/pg20510.txt,./gutenberg/pg19813.txt
738,./gutenberg/pg20656.txt,./gutenberg/pg1850.txt
739,./gutenberg/pg20657.txt,./gutenberg/pg573.txt
740,./gutenberg/pg20767.txt,./gutenberg/pg23739.txt
741,./gutenberg/pg20784.txt,./gutenberg/pg19856.txt
742,./gutenberg/pg20918.txt,./gutenberg/pg8590.txt
743,./gutenberg/pg2098.txt,./gutenberg/pg33173.txt
744,./gutenberg/pg21206.txt,./gutenberg/pg422.txt
745,./gutenberg/pg21556.txt,./gutenberg/pg13405.txt
746,./gutenberg/pg21686.txt,./gutenberg/pg534.txt
747,./gutenberg/pg21731.txt,./gutenberg/pg21202.txt
748,./gutenberg/pg21746.txt,./gutenberg/pg15124.txt
749,./gutenberg/pg21839.txt,./gutenberg/pg161.txt
750,./gutenberg/pg21931.txt,./gutenberg/pg25769.txt
751,./gutenberg/pg21935.txt,./gutenberg/pg20850.txt
752,./gutenberg/pg22128.txt,./gutenberg/pg12181.txt
753,./gutenberg/pg22223.txt,./gutenberg/pg41298.txt
754,./gutenberg/pg2225.txt,./gutenberg/pg2186.txt
755,./gutenberg/pg2249.txt,./gutenberg/pg1110.txt
756,./gutenberg/pg22547.txt,./gutenberg/pg15723.txt
757,./gutenberg/pg22764.txt,./gutenberg/pg1228.txt
758,./gutenberg/pg23073.txt,./gutenberg/pg21388.txt
759,./gutenberg/pg23112.txt,./gutenberg/pg24751.txt
760,./gutenberg/pg23154.txt,./gutenberg/pg20280.txt
761,./gutenberg/pg23265.txt,./gutenberg/pg22410.txt
762,./gutenberg/pg233.txt,./gutenberg/pg5267.txt
763,./gutenberg/pg2334.txt,./gutenberg/pg1858.txt
764,./gutenberg/pg2350.txt,./gutenberg/pg2346.txt
765,./gutenberg/pg24306.txt,./gutenberg/pg26651.txt
766,./gutenberg/pg24337.txt,./gutenberg/pg3792.txt
767,./gutenberg/pg24410.txt,./gutenberg/pg28193.txt
768,./gutenberg/pg24662.txt,./gutenberg/pg23504.txt
769,./gutenberg/pg24772.txt,./gutenberg/pg137.txt
770,./gutenberg/pg2493.txt,./gutenberg/pg19092.txt
771,./gutenberg/pg2498.txt,./gutenberg/pg16739.txt
772,./gutenberg/pg25023.txt,./gutenberg/pg9330.txt
773,./gutenberg/pg2533.txt,./gutenberg/pg2524.txt
774,./gutenberg/pg25439.txt,./gutenberg/pg624.txt
775,./gutenberg/pg25477.txt,./gutenberg/pg5989.txt
776,./gutenberg/pg25484.txt,./gutenberg/pg53306.txt
777,./gutenberg/pg25497.txt,./gutenberg/pg7801.txt
778,./gutenberg/pg25525.txt,./gutenberg/pg2148.txt
779,./gutenberg/pg25529.txt,./gutenberg/pg25301.txt
780,./gutenberg/pg2563.txt,./gutenberg/pg2082.txt
781,./gutenberg/pg25710.txt,./gutenberg/pg19644.txt
782,./gutenberg/pg25719.txt,./gutenberg/pg21576.txt
783,./gutenberg/pg26111.txt,./gutenberg/pg71174.txt
784,./gutenberg/pg2617.txt,./gutenberg/pg5853.txt
785,./gutenberg/pg26218.txt,./gutenberg/pg50201.txt
786,./gutenberg/pg26260.txt,./gutenberg/pg6882.txt
787,./gutenberg/pg26429.txt,./gutenberg/pg24430.txt
788,./gutenberg/pg26624.txt,./gutenberg/pg485.txt
789,./gutenberg/pg2671.txt,./gutenberg/pg3135.txt
790,./gutenberg/pg26734.txt,./gutenberg/pg64344.txt
791,./gutenberg/pg26862.txt,./gutenberg/pg973.txt
792,./gutenberg/pg26999.txt,./gutenberg/pg26998.txt
793,./gutenberg/pg2715.txt,./gutenberg/pg2718.txt
794,./gutenberg/pg27188.txt,./gutenberg/pg53028.txt
795,./gutenberg/pg2726.txt,./gutenberg/pg38567.txt
796,./gutenberg/pg2730.txt,./gutenberg/pg1918.txt
797,./gutenberg/pg27568.txt,./blbooks/1882_002311657.txt
798,./gutenberg/pg27942.txt,./gutenberg/pg35420.txt
799,./gutenberg/pg2807.txt,./gutenberg/pg45721.txt
800,./gutenberg/pg2818.txt,./gutenberg/pg10226.txt
801,./gutenberg/pg28379.txt,./gutenberg/pg15868.txt
802,./gutenberg/pg28483.txt,./gutenberg/pg3478.txt
803,./gutenberg/pg2852.txt,./gutenberg/pg3070.txt
804,./gutenberg/pg28619.txt,./gutenberg/pg15569.txt
805,./gutenberg/pg289.txt,./gutenberg/pg27805.txt
806,./gutenberg/pg29265.txt,./gutenberg/pg23861.txt
807,./gutenberg/pg29291.txt,./gutenberg/pg21580.txt
808,./gutenberg/pg29311.txt,./gutenberg/pg22168.txt
809,./gutenberg/pg29699.txt,./gutenberg/pg9311.txt
810,./gutenberg/pg29888.txt,./gutenberg/pg13.txt
811,./gutenberg/pg30143.txt,./gutenberg/pg6472.txt
812,./gutenberg/pg30183.txt,./gutenberg/pg30776.txt
813,./gutenberg/pg30257.txt,./gutenberg/pg4213.txt
814,./gutenberg/pg30258.txt,./gutenberg/pg5146.txt
815,./gutenberg/pg3027.txt,./gutenberg/pg36532.txt
816,./gutenberg/pg3028.txt,./gutenberg/pg25648.txt
817,./gutenberg/pg30368.txt,./gutenberg/pg46.txt
818,./gutenberg/pg30729.txt,./gutenberg/pg425.txt
819,./gutenberg/pg30849.txt,./gutenberg/pg322.txt
820,./gutenberg/pg30990.txt,./gutenberg/pg280.txt
821,./gutenberg/pg31100.txt,./gutenberg/pg141.txt
822,./gutenberg/pg31217.txt,./gutenberg/pg45415.txt
823,./gutenberg/pg31275.txt,./gutenberg/pg38094.txt
824,./gutenberg/pg3128.txt,./gutenberg/pg2672.txt
825,./gutenberg/pg3136.txt,./gutenberg/pg3133.txt
826,./gutenberg/pg31488.txt,./gutenberg/pg6979.txt
827,./gutenberg/pg31557.txt,./gutenberg/pg464.txt
828,./gutenberg/pg3169.txt,./gutenberg/pg16097.txt
829,./gutenberg/pg3178.txt,./gutenberg/pg5819.txt
830,./gutenberg/pg3186.txt,./gutenberg/pg50109.txt
831,./gutenberg/pg3189.txt,./gutenberg/pg5838.txt
832,./gutenberg/pg32094.txt,./gutenberg/pg955.txt
833,./gutenberg/pg32329.txt,./gutenberg/pg24297.txt
834,./gutenberg/pg32488.txt,./gutenberg/pg2781.txt
835,./gutenberg/pg32525.txt,./gutenberg/pg6814.txt
836,./gutenberg/pg3253.txt,./gutenberg/pg2654.txt
837,./gutenberg/pg3254.txt,./gutenberg/pg2309.txt
838,./gutenberg/pg3282.txt,./gutenberg/pg31201.txt
839,./gutenberg/pg3289.txt,./gutenberg/pg3776.txt
840,./gutenberg/pg33361.txt,./gutenberg/pg486.txt
841,./gutenberg/pg33498.txt,./gutenberg/pg78657.txt
842,./gutenberg/pg3350.txt,./gutenberg/pg3344.txt
843,./gutenberg/pg3389.txt,./gutenberg/pg3379.txt
844,./gutenberg/pg33901.txt,./gutenberg/pg5093.txt
845,./gutenberg/pg3434.txt,./gutenberg/pg2800.txt
846,./gutenberg/pg3454.txt,./gutenberg/pg28096.txt
847,./gutenberg/pg34542.txt,./gutenberg/pg34540.txt
848,./gutenberg/pg34732.txt,./gutenberg/pg12932.txt
849,./gutenberg/pg34916.txt,./gutenberg/pg31210.txt
850,./gutenberg/pg35500.txt,./gutenberg/pg31685.txt
851,./gutenberg/pg35527.txt,./gutenberg/pg34246.txt
852,./gutenberg/pg35528.txt,./gutenberg/pg21069.txt
853,./gutenberg/pg35862.txt,./gutenberg/pg7885.txt
854,./gutenberg/pg3617.txt,./gutenberg/pg7541.txt
855,./gutenberg/pg36346.txt,./gutenberg/pg55606.txt
856,./gutenberg/pg36507.txt,./gutenberg/pg64275.txt
857,./gutenberg/pg36612.txt,./gutenberg/pg709.txt
858,./gutenberg/pg36771.txt,./gutenberg/pg23633.txt
859,./gutenberg/pg37174.txt,./gutenberg/pg10007.txt
860,./gutenberg/pg37332.txt,./gutenberg/pg146.txt
861,./gutenberg/pg3739.txt,./gutenberg/pg3738.txt
862,./gutenberg/pg3766.txt,./gutenberg/pg3762.txt
863,./gutenberg/pg37735.txt,./gutenberg/pg1889.txt
864,./gutenberg/pg37804.txt,./gutenberg/pg55178.txt
865,./gutenberg/pg38194.txt,./gutenberg/pg3300.txt
866,./gutenberg/pg38312.txt,./gutenberg/pg704.txt
867,./gutenberg/pg38347.txt,./gutenberg/pg21904.txt
868,./gutenberg/pg38421.txt,./gutenberg/pg10101.txt
869,./gutenberg/pg3846.txt,./gutenberg/pg3844.txt
870,./gutenberg/pg38566.txt,./gutenberg/pg48323.txt
871,./gutenberg/pg38802.txt,./gutenberg/pg38099.txt
872,./gutenberg/pg3883.txt,./gutenberg/pg3880.txt
873,./gutenberg/pg38850.txt,./gutenberg/pg56307.txt
874,./gutenberg/pg38896.txt,./gutenberg/pg33948.txt
875,./gutenberg/pg39042.txt,./gutenberg/pg11104.txt
876,./gutenberg/pg39136.txt,./gutenberg/pg1939.txt
877,./gutenberg/pg3918.txt,./gutenberg/pg3917.txt
878,./gutenberg/pg39207.txt,./gutenberg/pg2282.txt
879,./gutenberg/pg3922.txt,./gutenberg/pg3920.txt
880,./gutenberg/pg3930.txt,./gutenberg/pg3929.txt
881,./gutenberg/pg39304.txt,./gutenberg/pg2969.txt
882,./gutenberg/pg3934.txt,./gutenberg/pg3933.txt
883,./gutenberg/pg3938.txt,./gutenberg/pg3937.txt
884,./gutenberg/pg3942.txt,./gutenberg/pg3939.txt
885,./gutenberg/pg3946.txt,./gutenberg/pg3945.txt
886,./gutenberg/pg3953.txt,./gutenberg/pg3952.txt
887,./gutenberg/pg3957.txt,./gutenberg/pg3954.txt
888,./gutenberg/pg3971.txt,./gutenberg/pg3969.txt
889,./gutenberg/pg39868.txt,./gutenberg/pg961.txt
890,./gutenberg/pg40010.txt,./gutenberg/pg41573.txt
891,./gutenberg/pg4038.txt,./gutenberg/pg2399.txt
892,./gutenberg/pg40404.txt,./gutenberg/pg4204.txt
893,./gutenberg/pg40682.txt,./gutenberg/pg7425.txt
894,./gutenberg/pg40822.txt,./gutenberg/pg1592.txt
895,./gutenberg/pg41407.txt,./gutenberg/pg4555.txt
896,./gutenberg/pg41659.txt,./gutenberg/pg34808.txt
897,./gutenberg/pg42.txt,./gutenberg/pg43.txt
898,./gutenberg/pg420.txt,./gutenberg/pg22566.txt
899,./gutenberg/pg421.txt,./gutenberg/pg56562.txt
900,./gutenberg/pg4229.txt,./gutenberg/pg3415.txt
901,./gutenberg/pg4244.txt,./gutenberg/pg41635.txt
902,./gutenberg/pg42871.txt,./gutenberg/pg40842.txt
903,./gutenberg/pg42964.txt,./gutenberg/pg44685.txt
904,./gutenberg/pg43005.txt,./gutenberg/pg43827.txt
905,./gutenberg/pg4328.txt,./gutenberg/pg4330.txt
906,./gutenberg/pg43302.txt,./gutenberg/pg4602.txt
907,./gutenberg/pg43457.txt,./gutenberg/pg45381.txt
908,./gutenberg/pg436.txt,./gutenberg/pg45347.txt
909,./gutenberg/pg43629.txt,./gutenberg/pg43627.txt
910,./gutenberg/pg43684.txt,./gutenberg/pg282.txt
911,./gutenberg/pg4397.txt,./gutenberg/pg2594.txt
912,./gutenberg/pg4426.txt,./gutenberg/pg4421.txt
913,./gutenberg/pg44336.txt,./gutenberg/pg18671.txt
914,./gutenberg/pg44572.txt,./gutenberg/pg44518.txt
915,./gutenberg/pg4476.txt,./gutenberg/pg4475.txt
916,./gutenberg/pg4488.txt,./gutenberg/pg4485.txt
917,./gutenberg/pg4491.txt,./gutenberg/pg4490.txt
918,./gutenberg/pg45.txt,./gutenberg/pg64365.txt
919,./gutenberg/pg45321.txt,./gutenberg/pg67191.txt
920,./gutenberg/pg45682.txt,./gutenberg/pg37584.txt
921,./gutenberg/pg45839.txt,./gutenberg/pg345.txt
922,./gutenberg/pg4600.txt,./gutenberg/pg3370.txt
923,./gutenberg/pg46248.txt,./gutenberg/pg18670.txt
924,./gutenberg/pg4645.txt,./gutenberg/pg3376.txt
925,./gutenberg/pg4670.txt,./gutenberg/pg19079.txt
926,./gutenberg/pg46830.txt,./gutenberg/pg705.txt
927,./gutenberg/pg4728.txt,./gutenberg/pg4725.txt
928,./gutenberg/pg47450.txt,./gutenberg/pg36948.txt
929,./gutenberg/pg47564.txt,./gutenberg/pg1751.txt
930,./gutenberg/pg4770.txt,./gutenberg/pg58158.txt
931,./gutenberg/pg47774.txt,./gutenberg/pg17943.txt
932,./gutenberg/pg4823.txt,./gutenberg/pg4819.txt
933,./gutenberg/pg48258.txt,./gutenberg/pg21886.txt
934,./gutenberg/pg48320.txt,./gutenberg/pg1661.txt
935,./gutenberg/pg48511.txt,./gutenberg/pg2400.txt
936,./gutenberg/pg4872.txt,./gutenberg/pg4868.txt
937,./gutenberg/pg49187.txt,./gutenberg/pg1562.txt
938,./gutenberg/pg49222.txt,./gutenberg/pg10624.txt
939,./gutenberg/pg49613.txt,./gutenberg/pg32884.txt
940,./gutenberg/pg4973.txt,./gutenberg/pg4972.txt
941,./gutenberg/pg4992.txt,./gutenberg/pg17146.txt
942,./gutenberg/pg49947.txt,./gutenberg/pg49872.txt
943,./gutenberg/pg50129.txt,./gutenberg/pg22320.txt
944,./gutenberg/pg50194.txt,./gutenberg/pg419.txt
945,./gutenberg/pg504.txt,./gutenberg/pg29481.txt
946,./gutenberg/pg50961.txt,./gutenberg/pg39900.txt
947,./gutenberg/pg512.txt,./gutenberg/pg9228.txt
948,./gutenberg/pg51263.txt,./gutenberg/pg957.txt
949,./gutenberg/pg51307.txt,./gutenberg/pg41187.txt
950,./gutenberg/pg5133.txt,./gutenberg/pg7552.txt
951,./gutenberg/pg51469.txt,./gutenberg/pg6911.txt
952,./gutenberg/pg51580.txt,./gutenberg/pg28146.txt
953,./gutenberg/pg517.txt,./gutenberg/pg41667.txt
954,./gutenberg/pg51710.txt,./gutenberg/pg5652.txt
955,./gutenberg/pg51967.txt,./gutenberg/pg51968.txt
956,./gutenberg/pg52202.txt,./gutenberg/pg70503.txt
957,./gutenberg/pg52328.txt,./gutenberg/pg3453.txt
958,./gutenberg/pg52501.txt,./gutenberg/pg1013.txt
959,./gutenberg/pg52900.txt,./gutenberg/pg2788.txt
960,./gutenberg/pg53250.txt,./gutenberg/pg32501.txt
961,./gutenberg/pg5364.txt,./gutenberg/pg5362.txt
962,./gutenberg/pg5373.txt,./gutenberg/pg5370.txt
963,./gutenberg/pg5382.txt,./gutenberg/pg5379.txt
964,./gutenberg/pg53844.txt,./gutenberg/pg54.txt
965,./gutenberg/pg5396.txt,./gutenberg/pg5391.txt
966,./gutenberg/pg54525.txt,./gutenberg/pg3440.txt
967,./gutenberg/pg5472.txt,./gutenberg/pg5471.txt
968,./gutenberg/pg5499.txt,./gutenberg/pg5497.txt
969,./gutenberg/pg5507.txt,./gutenberg/pg5502.txt
970,./gutenberg/pg55128.txt,./gutenberg/pg53869.txt
971,./gutenberg/pg5529.txt,./gutenberg/pg5519.txt
972,./gutenberg/pg5542.txt,./gutenberg/pg5539.txt
973,./gutenberg/pg55583.txt,./gutenberg/pg31414.txt
974,./gutenberg/pg556.txt,./gutenberg/pg32772.txt
975,./gutenberg/pg557.txt,./gutenberg/pg15976.txt
976,./gutenberg/pg5577.txt,./gutenberg/pg5575.txt
977,./gutenberg/pg5583.txt,./gutenberg/pg5580.txt
978,./gutenberg/pg5587.txt,./gutenberg/pg5585.txt
979,./gutenberg/pg5599.txt,./gutenberg/pg5597.txt
980,./gutenberg/pg566.txt,./gutenberg/pg6775.txt
981,./gutenberg/pg56644.txt,./gutenberg/pg4928.txt
982,./gutenberg/pg57321.txt,./gutenberg/pg10360.txt
983,./gutenberg/pg57539.txt,./gutenberg/pg394.txt
984,./gutenberg/pg58250.txt,./gutenberg/pg3047.txt
985,./gutenberg/pg58800.txt,./gutenberg/pg16551.txt
986,./gutenberg/pg59211.txt,./gutenberg/pg28637.txt
987,./gutenberg/pg59273.txt,./gutenberg/pg51922.txt
988,./gutenberg/pg59608.txt,./gutenberg/pg10760.txt
989,./gutenberg/pg59617.txt,./gutenberg/pg17890.txt
990,./gutenberg/pg60055.txt,./gutenberg/pg55597.txt
991,./gutenberg/pg60191.txt,./gutenberg/pg54647.txt
992,./gutenberg/pg60380.txt,./gutenberg/pg17652.txt
993,./gutenberg/pg6049.txt,./gutenberg/pg6047.txt
994,./gutenberg/pg6098.txt,./gutenberg/pg6096.txt
995,./gutenberg/pg6107.txt,./gutenberg/pg45068.txt
996,./gutenberg/pg61455.txt,./gutenberg/pg12172.txt
997,./gutenberg/pg6171.txt,./gutenberg/pg6170.txt
998,./gutenberg/pg61916.txt,./gutenberg/pg61914.txt
999,./gutenberg/pg620.txt,./gutenberg/pg48630.txt
1000,./gutenberg/pg6210.txt,./gutenberg/pg6208.txt
1001,./gutenberg/pg6217.txt,./gutenberg/pg6215.txt
1002,./gutenberg/pg6229.txt,./gutenberg/pg6225.txt
1003,./gutenberg/pg6249.txt,./gutenberg/pg6248.txt
1004,./gutenberg/pg6267.txt,./gutenberg/pg6264.txt
1005,./gutenberg/pg62678.txt,./gutenberg/pg62696.txt
1006,./gutenberg/pg6284.txt,./gutenberg/pg6282.txt
1007,./gutenberg/pg6288.txt,./gutenberg/pg6287.txt
1008,./gutenberg/pg6295.txt,./gutenberg/pg6294.txt
1009,./gutenberg/pg63102.txt,./gutenberg/pg6381.txt
1010,./gutenberg/pg63735.txt,./gutenberg/pg63738.txt
1011,./gutenberg/pg63737.txt,./gutenberg/pg3407.txt
1012,./gutenberg/pg640.txt,./gutenberg/pg28314.txt
1013,./gutenberg/pg64186.txt,./gutenberg/pg11502.txt
1014,./gutenberg/pg6465.txt,./gutenberg/pg21927.txt
1015,./gutenberg/pg6478.txt,./gutenberg/pg6476.txt
1016,./gutenberg/pg64823.txt,./gutenberg/pg16209.txt
1017,./gutenberg/pg6492.txt,./gutenberg/pg4529.txt
1018,./gutenberg/pg65115.txt,./gutenberg/pg63486.txt
1019,./gutenberg/pg66030.txt,./blbooks/1897_001475845.txt
1020,./gutenberg/pg66106.txt,./gutenberg/pg65597.txt
1021,./gutenberg/pg6615.txt,./gutenberg/pg6609.txt
1022,./gutenberg/pg66411.txt,./gutenberg/pg61608.txt
1023,./gutenberg/pg66619.txt,./gutenberg/pg1304.txt
1024,./gutenberg/pg67087.txt,./gutenberg/pg32867.txt
1025,./gutenberg/pg6746.txt,./gutenberg/pg33547.txt
1026,./gutenberg/pg6761.txt,./gutenberg/pg6759.txt
1027,./gutenberg/pg67759.txt,./gutenberg/pg7087.txt
1028,./gutenberg/pg6780.txt,./gutenberg/pg6779.txt
1029,./gutenberg/pg679.txt,./gutenberg/pg69248.txt
1030,./gutenberg/pg68275.txt,./gutenberg/pg45782.txt
1031,./gutenberg/pg68348.txt,./gutenberg/pg68347.txt
1032,./gutenberg/pg6897.txt,./gutenberg/pg21551.txt
1033,./gutenberg/pg69260.txt,./gutenberg/pg40848.txt
1034,./gutenberg/pg69289.txt,./gutenberg/pg35926.txt
1035,./gutenberg/pg69315.txt,./gutenberg/pg38277.txt
1036,./gutenberg/pg6934.txt,./gutenberg/pg6935.txt
1037,./gutenberg/pg6944.txt,./gutenberg/pg6943.txt
1038,./gutenberg/pg69458.txt,./gutenberg/pg23213.txt
1039,./gutenberg/pg6946.txt,./gutenberg/pg3272.txt
1040,./gutenberg/pg69715.txt,./gutenberg/pg327.txt
1041,./gutenberg/pg69769.txt,./gutenberg/pg54967.txt
1042,./gutenberg/pg70315.txt,./gutenberg/pg9617.txt
1043,./gutenberg/pg70506.txt,./gutenberg/pg48304.txt
1044,./gutenberg/pg70669.txt,./gutenberg/pg6798.txt
1045,./gutenberg/pg71436.txt,./gutenberg/pg53177.txt
1046,./gutenberg/pg72720.txt,./gutenberg/pg63294.txt
1047,./gutenberg/pg7277.txt,./gutenberg/pg33571.txt
1048,./gutenberg/pg73.txt,./gutenberg/pg463.txt
1049,./gutenberg/pg73614.txt,./gutenberg/pg46937.txt
1050,./gutenberg/pg73683.txt,./blbooks/1898_001894806.txt
1051,./gutenberg/pg7400.txt,./gutenberg/pg7392.txt
1052,./gutenberg/pg74899.txt,./gutenberg/pg37988.txt
1053,./gutenberg/pg74909.txt,./gutenberg/pg367.txt
1054,./gutenberg/pg7608.txt,./gutenberg/pg7607.txt
1055,./gutenberg/pg76085.txt,./gutenberg/pg73763.txt
1056,./gutenberg/pg76209.txt,./gutenberg/pg15911.txt
1057,./gutenberg/pg76244.txt,./gutenberg/pg72919.txt
1058,./gutenberg/pg7630.txt,./gutenberg/pg7628.txt
1059,./gutenberg/pg7639.txt,./gutenberg/pg7635.txt
1060,./gutenberg/pg7649.txt,./gutenberg/pg7640.txt
1061,./gutenberg/pg76513.txt,./gutenberg/pg53861.txt
1062,./gutenberg/pg766.txt,./gutenberg/pg43111.txt
1063,./gutenberg/pg76692.txt,./gutenberg/pg8387.txt
1064,./gutenberg/pg7701.txt,./gutenberg/pg7695.txt
1065,./gutenberg/pg77111.txt,./gutenberg/pg53918.txt
1066,./gutenberg/pg7714.txt,./gutenberg/pg7708.txt
1067,./gutenberg/pg7727.txt,./gutenberg/pg7723.txt
1068,./gutenberg/pg77472.txt,./gutenberg/pg11377.txt
1069,./gutenberg/pg775.txt,./gutenberg/pg12163.txt
1070,./gutenberg/pg7799.txt,./gutenberg/pg22309.txt
1071,./gutenberg/pg7807.txt,./gutenberg/pg39596.txt
1072,./gutenberg/pg7929.txt,./gutenberg/pg1912.txt
1073,./gutenberg/pg7950.txt,./gutenberg/pg1352.txt
1074,./gutenberg/pg8220.txt,./gutenberg/pg51973.txt
1075,./gutenberg/pg839.txt,./gutenberg/pg30700.txt
1076,./gutenberg/pg8479.txt,./gutenberg/pg8482.txt
1077,./gutenberg/pg8493.txt,./gutenberg/pg8942.txt
1078,./gutenberg/pg864.txt,./gutenberg/pg30939.txt
1079,./gutenberg/pg8679.txt,./gutenberg/pg6953.txt
1080,./gutenberg/pg8795.txt,./gutenberg/pg1006.txt
1081,./gutenberg/pg8933.txt,./gutenberg/pg64189.txt
1082,./gutenberg/pg902.txt,./gutenberg/pg30120.txt
1083,./gutenberg/pg912.txt,./gutenberg/pg78245.txt
1084,./gutenberg/pg9485.txt,./gutenberg/pg35440.txt
1085,./gutenberg/pg956.txt,./gutenberg/pg52176.txt
1086,./gutenberg/pg9567.txt,./gutenberg/pg9566.txt
1087,./gutenberg/pg958.txt,./gutenberg/pg25581.txt
1088,./gutenberg/pg9580.txt,./gutenberg/pg9576.txt
1089,./gutenberg/pg9590.txt,./gutenberg/pg9587.txt
1090,./gutenberg/pg9594.txt,./gutenberg/pg9591.txt
1091,./gutenberg/pg960.txt,./gutenberg/pg30852.txt
1092,./gutenberg/pg97.txt,./gutenberg/pg45506.txt
1093,./gutenberg/pg9755.txt,./gutenberg/pg9753.txt
1094,./gutenberg/pg976.txt,./gutenberg/pg51995.txt
1095,./gutenberg/pg9761.txt,./gutenberg/pg9756.txt
1096,./gutenberg/pg9959.txt,./gutenberg/pg21222.txt
1097,./post-ocr-correction/sn99021999-000040.txt,./post-ocr-correction/sn99021999-019236.txt
1098,./post-ocr-correction/sn99021999-000744.txt,./post-ocr-correction/sn99021999-007205.txt
1099,./post-ocr-correction/sn99021999-000757.txt,./post-ocr-correction/sn99021999-000765.txt
1100,./post-ocr-correction/sn99021999-000777.txt,./post-ocr-correction/sn99021999-006289.txt
1101,./post-ocr-correction/sn99021999-000827.txt,./post-ocr-correction/sn99021999-000835.txt
1102,./post-ocr-correction/sn99021999-001349.txt,./post-ocr-correction/sn99021999-003755.txt
1103,./post-ocr-correction/sn99021999-001390.txt,./post-ocr-correction/sn99021999-008486.txt
1104,./post-ocr-correction/sn99021999-001865.txt,./post-ocr-correction/sn99021999-018992.txt
1105,./post-ocr-correction/sn99021999-002125.txt,./post-ocr-correction/sn99021999-002117.txt
1106,./post-ocr-correction/sn99021999-002597.txt,./post-ocr-correction/sn99021999-005565.txt
1107,./post-ocr-correction/sn99021999-002676.txt,./post-ocr-correction/sn99021999-014708.txt
1108,./post-ocr-correction/sn99021999-002864.txt,./post-ocr-correction/sn99021999-014389.txt
1109,./post-ocr-correction/sn99021999-003080.txt,./post-ocr-correction/sn99021999-013013.txt
1110,./post-ocr-correction/sn99021999-003149.txt,./post-ocr-correction/sn99021999-008145.txt
1111,./post-ocr-correction/sn99021999-003213.txt,./post-ocr-correction/sn99021999-006156.txt
1112,./post-ocr-correction/sn99021999-003964.txt,./post-ocr-correction/sn99021999-008347.txt
1113,./post-ocr-correction/sn99021999-004463.txt,./post-ocr-correction/sn99021999-005764.txt
1114,./post-ocr-correction/sn99021999-004531.txt,./post-ocr-correction/sn99021999-006640.txt
1115,./post-ocr-correction/sn99021999-005205.txt,./post-ocr-correction/sn99021999-013309.txt
1116,./post-ocr-correction/sn99021999-005340.txt,./post-ocr-correction/sn99021999-009954.txt
1117,./post-ocr-correction/sn99021999-005404.txt,./post-ocr-correction/sn99021999-012737.txt
1118,./post-ocr-correction/sn99021999-005681.txt,./post-ocr-correction/sn99021999-005689.txt
1119,./post-ocr-correction/sn99021999-005833.txt,./post-ocr-correction/sn99021999-006500.txt
1120,./post-ocr-correction/sn99021999-006075.txt,./post-ocr-correction/sn99021999-006083.txt
1121,./post-ocr-correction/sn99021999-006092.txt,./post-ocr-correction/sn99021999-013714.txt
1122,./post-ocr-correction/sn99021999-006443.txt,./post-ocr-correction/sn99021999-019306.txt
1123,./post-ocr-correction/sn99021999-007021.txt,./post-ocr-correction/sn99021999-007045.txt
1124,./post-ocr-correction/sn99021999-007670.txt,./post-ocr-correction/sn99021999-017837.txt
1125,./post-ocr-correction/sn99021999-007738.txt,./post-ocr-correction/sn99021999-017303.txt
1126,./post-ocr-correction/sn99021999-007941.txt,./post-ocr-correction/sn99021999-011256.txt
1127,./post-ocr-correction/sn99021999-008833.txt,./post-ocr-correction/sn99021999-019609.txt
1128,./post-ocr-correction/sn99021999-008869.txt,./post-ocr-correction/sn99021999-008877.txt
1129,./post-ocr-correction/sn99021999-009065.txt,./post-ocr-correction/sn99021999-009073.txt
1130,./post-ocr-correction/sn99021999-009601.txt,./post-ocr-correction/sn99021999-012007.txt
1131,./post-ocr-correction/sn99021999-009662.txt,./post-ocr-correction/sn99021999-009698.txt
1132,./post-ocr-correction/sn99021999-009663.txt,./post-ocr-correction/sn99021999-009699.txt
1133,./post-ocr-correction/sn99021999-009700.txt,./post-ocr-correction/sn99021999-017920.txt
1134,./post-ocr-correction/sn99021999-009702.txt,./post-ocr-correction/sn99021999-014901.txt
1135,./post-ocr-correction/sn99021999-009749.txt,./post-ocr-correction/sn99021999-014908.txt
1136,./post-ocr-correction/sn99021999-010195.txt,./post-ocr-correction/sn99021999-012457.txt
1137,./post-ocr-correction/sn99021999-010798.txt,./post-ocr-correction/sn99021999-015029.txt
1138,./post-ocr-correction/sn99021999-011063.txt,./post-ocr-correction/sn99021999-011536.txt
1139,./post-ocr-correction/sn99021999-012400.txt,./post-ocr-correction/sn99021999-018668.txt
1140,./post-ocr-correction/sn99021999-012404.txt,./post-ocr-correction/sn99021999-018672.txt
1141,./post-ocr-correction/sn99021999-012465.txt,./post-ocr-correction/sn99021999-012666.txt
1142,./post-ocr-correction/sn99021999-012877.txt,./post-ocr-correction/sn99021999-014700.txt
1143,./post-ocr-correction/sn99021999-012933.txt,./post-ocr-correction/sn99021999-012945.txt
1144,./post-ocr-correction/sn99021999-013019.txt,./post-ocr-correction/sn99021999-016838.txt
1145,./post-ocr-correction/sn99021999-013164.txt,./post-ocr-correction/sn99021999-016560.txt
1146,./post-ocr-correction/sn99021999-013239.txt,./post-ocr-correction/sn99021999-018298.txt
1147,./post-ocr-correction/sn99021999-014054.txt,./post-ocr-correction/sn99021999-014527.txt
1148,./post-ocr-correction/sn99021999-014965.txt,./post-ocr-correction/sn99021999-015716.txt
1149,./post-ocr-correction/sn99021999-015247.txt,./post-ocr-correction/sn99021999-018761.txt
1150,./post-ocr-correction/sn99021999-015850.txt,./post-ocr-correction/sn99021999-020048.txt
1151,./post-ocr-correction/sn99021999-016159.txt,./post-ocr-correction/sn99021999-016171.txt
1152,./post-ocr-correction/sn99021999-016511.txt,./post-ocr-correction/sn99021999-016523.txt
1153,./post-ocr-correction/sn99021999-016753.txt,./post-ocr-correction/sn99021999-019140.txt
1154,./post-ocr-correction/sn99021999-016937.txt,./post-ocr-correction/sn99021999-019335.txt
1155,./post-ocr-correction/sn99021999-016973.txt,./post-ocr-correction/sn99021999-018483.txt
1156,./post-ocr-correction/sn99021999-019111.txt,./post-ocr-correction/sn99021999-019125.txt
1157,./post-ocr-correction/sn99021999-019404.txt,./post-ocr-correction/sn99021999-019416.txt
1158,./blbooks/1822_003318277.txt,./blbooks/1822_000056170.txt
1159,./blbooks/1890_003739211.txt,./blbooks/1891_003739212.txt
1160,./gutenberg/pg35584.txt,./gutenberg/pg38097.txt
1161,./gutenberg/pg37704.txt,./gutenberg/pg38101.txt
1162,./gutenberg/pg49612.txt,./gutenberg/pg10459.txt
1163,./gutenberg/pg62140.txt,./gutenberg/pg3448.txt
